<?xml version="1.0" encoding="UTF-8"?>
<!--This is a Reload version 1.3 SCORM 1.2 Content Package document-->
<!--Spawned from the Reload Content Package Generator - http://www.reload.ac.uk-->
<manifest xmlns="http://www.imsproject.org/xsd/imscp_rootv1p1p2" xmlns:imsmd="http://www.imsglobal.org/xsd/imsmd_rootv1p2p1" xmlns:xsi="http://www.w3.org/2001/XMLSchema-instance" xmlns:adlcp="http://www.adlnet.org/xsd/adlcp_rootv1p2" identifier="MANIFEST-6E328BFE-7719-A1D7-C0CE-8FD6BF2EB3CF" xsi:schemaLocation="http://www.imsproject.org/xsd/imscp_rootv1p1p2 imscp_rootv1p1p2.xsd http://www.imsglobal.org/xsd/imsmd_rootv1p2p1 imsmd_rootv1p2p1.xsd http://www.adlnet.org/xsd/adlcp_rootv1p2 adlcp_rootv1p2.xsd">
  <metadata>
    <schema>ADL SCORM</schema>
    <schemaversion>1.2</schemaversion>
  </metadata>
  <organizations default="ORG-E748EB25-70A1-5E12-2EE5-8711CE8DC81B">
    <organization identifier="ORG-E748EB25-70A1-5E12-2EE5-8711CE8DC81B" structure="hierarchical">
      <title>Solid waste management</title>
      <item identifier="ITEM-AF33A035-180C-1B9A-594F-0F7019C6FF83" isvisible="true" identifierref="RES-B10C3E44-579F-5E61-5C50-83B2D045E13C">
        <title>Module 1</title>
        <item identifier="ITEM-CA897E94-CA96-5FBD-78FF-341704F8AA2C" isvisible="true" identifierref="RES-11D792F4-C163-294B-A51D-67A004F7101B">
          <title>Course description</title>
        </item>
        <item identifier="ITEM-14C5C238-C980-11F4-19CF-331BC927D7A4" isvisible="true" identifierref="RES-61DE3D1E-9E3B-2F75-262B-F312241FA92C">
          <title>Agenda</title>
        </item>
        <item identifier="ITEM-F9415958-6F05-C6E4-7077-3FDCB7BC826F" isvisible="true" identifierref="RES-65087E5D-261C-1882-753C-23FBBB47AFA2">
          <title>Groups</title>
        </item>
      </item>
      <item identifier="ITEM-BD3E0B78-61CB-AF4F-8F78-278B301C5AFA" isvisible="true" identifierref="RES-0B076984-6F3D-6F64-5686-CCED4DC36235">
        <title>Module 2</title>
        <item identifier="ITEM-8298C136-B2E3-09C1-DC4C-3842858C79E3" isvisible="true" identifierref="RES-50E32E2F-94D0-F0B0-0FA4-7C54DFCE2C09">
          <title>Introduction</title>
          <adlcp:prerequisites type="aicc_script" />
          <adlcp:maxtimeallowed>180</adlcp:maxtimeallowed>
          <adlcp:timelimitaction>continue,message</adlcp:timelimitaction>
          <adlcp:masteryscore>10</adlcp:masteryscore>
        </item>
        <adlcp:prerequisites type="aicc_script" />
        <adlcp:maxtimeallowed />
        <adlcp:timelimitaction />
        <adlcp:masteryscore />
      </item>
      <item identifier="ITEM-F38AE3BB-D02F-1975-DDEC-7BD1F7FBA20D" isvisible="true" identifierref="RES-D86A05D5-F834-4C1E-7A22-00A52B44DD93">
        <title>Module 3</title>
        <item identifier="ITEM-C42798DF-6734-E0DD-5C37-9BF56D4F907F" isvisible="true" identifierref="RES-70FF5ED3-1A71-87D1-F15C-9A20269EC03E">
          <title>Listening kick off</title>
          <adlcp:prerequisites type="aicc_script" />
          <adlcp:maxtimeallowed>180</adlcp:maxtimeallowed>
          <adlcp:timelimitaction>continue,message</adlcp:timelimitaction>
          <adlcp:masteryscore>10</adlcp:masteryscore>
        </item>
      </item>
      <item identifier="ITEM-789477AD-04FE-56DD-6FAC-982D391AB48D" isvisible="true" identifierref="RES-EAE7AE27-269D-6BA5-C00A-DFEEE5A50AF2">
        <title>Module 4</title>
        <item identifier="ITEM-334F37C1-E4F0-E397-53F9-AABC2BDD800C" isvisible="true" identifierref="RES-61D70FA6-3273-15FF-0B1D-E7EE21BAAA87">
          <title>Spoken interaction</title>
          <adlcp:prerequisites type="aicc_script" />
          <adlcp:maxtimeallowed>180</adlcp:maxtimeallowed>
          <adlcp:timelimitaction>continue,message</adlcp:timelimitaction>
          <adlcp:masteryscore>5</adlcp:masteryscore>
        </item>
        <item identifier="ITEM-2B3BEB1C-63B6-6B32-D005-7A2945825C1B" isvisible="true" identifierref="RES-B89446B7-CBA1-4DF2-7ABB-1FD420E58263">
          <title>Spoken production</title>
          <adlcp:prerequisites type="aicc_script" />
          <adlcp:maxtimeallowed>180</adlcp:maxtimeallowed>
          <adlcp:timelimitaction>continue,message</adlcp:timelimitaction>
          <adlcp:masteryscore>5</adlcp:masteryscore>
        </item>
      </item>
      <item identifier="ITEM-1C773A66-49A2-E4CB-5589-A42045DD19C6" isvisible="true" identifierref="RES-8710E87F-E04F-040E-B3CC-2B86D971A8C8">
        <title>Module 5</title>
        <item identifier="ITEM-86A16C73-DBBC-23EB-0387-B7C6908C9E3A" isvisible="true" identifierref="RES-AE6BCF33-BC2E-DD21-764A-5AFD5C8DA0AE">
          <title>Making a phone call</title>
          <adlcp:prerequisites type="aicc_script" />
          <adlcp:maxtimeallowed>180</adlcp:maxtimeallowed>
          <adlcp:timelimitaction>continue,message</adlcp:timelimitaction>
          <adlcp:masteryscore>10</adlcp:masteryscore>
        </item>
      </item>
      <item identifier="ITEM-5D5F4E24-F7F4-9007-8011-8ABB9EA67E60" isvisible="true" identifierref="RES-D0C32913-E193-42DD-EA65-10FA04069CBB">
        <title>Module 6</title>
        <item identifier="ITEM-EABCDB9F-A708-6191-0982-205E624F1018" isvisible="true" identifierref="RES-1CC136D2-E79A-9D39-4A0F-75CF01BB8FD2">
          <title>Grammar kick off</title>
          <adlcp:prerequisites type="aicc_script" />
          <adlcp:maxtimeallowed>180</adlcp:maxtimeallowed>
          <adlcp:timelimitaction>continue,message</adlcp:timelimitaction>
          <adlcp:masteryscore>5</adlcp:masteryscore>
        </item>
        <item identifier="ITEM-7231FD7D-8BC9-7C43-55A3-58C53B0C6255" isvisible="true" identifierref="RES-549F8CB8-B5A9-9C29-71AC-7FD66F6C2DB1">
          <title>Grammar the passive</title>
          <adlcp:prerequisites type="aicc_script" />
          <adlcp:maxtimeallowed>180</adlcp:maxtimeallowed>
          <adlcp:timelimitaction>continue,message</adlcp:timelimitaction>
          <adlcp:masteryscore>5</adlcp:masteryscore>
        </item>
      </item>
      <item identifier="ITEM-87B9E9D6-55B8-8BAC-380A-9D3AC94CD7A0" isvisible="true" identifierref="RES-BDD5C6C6-53F6-523B-E826-132E48A24763">
        <title>Module 7</title>
        <item identifier="ITEM-A39AC989-D8FF-7145-F15C-762C2B4E1BF3" isvisible="true" identifierref="RES-81274EA9-AF1D-A307-E6B7-F2CEFF8E952C">
          <title>Reading kick off</title>
          <adlcp:prerequisites type="aicc_script" />
          <adlcp:maxtimeallowed>180</adlcp:maxtimeallowed>
          <adlcp:timelimitaction>continue,message</adlcp:timelimitaction>
          <adlcp:masteryscore>10</adlcp:masteryscore>
        </item>
      </item>
      <item identifier="ITEM-6D4D469B-C352-2FDD-A214-1E5FFA7FA63F" isvisible="true" identifierref="RES-37E6353D-4C05-4F68-5D97-A7353929AE77">
        <title>Module 8</title>
        <item identifier="ITEM-CCDF0CCE-84D4-DB55-E5CE-3D3726D8F20F" isvisible="true" identifierref="RES-05B21EB5-7C7B-F7BE-416D-A283E8E77333">
          <title>Writing instructions</title>
          <adlcp:prerequisites type="aicc_script" />
          <adlcp:maxtimeallowed>180</adlcp:maxtimeallowed>
          <adlcp:timelimitaction>continue,message</adlcp:timelimitaction>
          <adlcp:masteryscore>10</adlcp:masteryscore>
        </item>
      </item>
      <item identifier="ITEM-90E73A84-EFDE-D07B-A507-FB24D178B1B4" isvisible="true" identifierref="RES-05DE7696-2679-13AA-22A9-0D0F36A6E178">
        <title>Module 9</title>
        <item identifier="ITEM-EAAEC064-AE7C-7680-5597-9743E42F1C61" isvisible="true" identifierref="RES-F00C1B76-9C01-B69D-B315-4BF1EFE70D37">
          <title>Sending an email</title>
          <adlcp:prerequisites type="aicc_script" />
          <adlcp:maxtimeallowed>10</adlcp:maxtimeallowed>
          <adlcp:timelimitaction>exit,message</adlcp:timelimitaction>
          <adlcp:masteryscore>3</adlcp:masteryscore>
        </item>
        <item identifier="ITEM-2C639092-B9DA-F061-EA65-A96F68BD70F3" isvisible="true" identifierref="RES-9942EDEF-6737-5BAA-E7A1-E5A706B565F1">
          <title>Writing a business letter</title>
          <adlcp:prerequisites type="aicc_script" />
          <adlcp:maxtimeallowed>180</adlcp:maxtimeallowed>
          <adlcp:timelimitaction>continue,message</adlcp:timelimitaction>
          <adlcp:masteryscore>3</adlcp:masteryscore>
        </item>
        <item identifier="ITEM-9427BD9A-C633-3834-1591-9972B79357CE" isvisible="true" identifierref="RES-7A0C328C-C01A-7AE3-6B22-859D807CF739">
          <title>Business focus activities</title>
          <adlcp:prerequisites type="aicc_script">ITEM-CA897E94-CA96-5FBD-78FF-341704F8AA2CITEM-14C5C238-C980-11F4-19CF-331BC927D7A4ITEM-F9415958-6F05-C6E4-7077-3FDCB7BC826F</adlcp:prerequisites>
          <adlcp:maxtimeallowed>180</adlcp:maxtimeallowed>
          <adlcp:timelimitaction>continue,message</adlcp:timelimitaction>
          <adlcp:masteryscore>3</adlcp:masteryscore>
        </item>
      </item>
      <item identifier="ITEM-6DA2E2C6-C66F-8A2D-B84A-C285F7C451D0" isvisible="true" identifierref="RES-2BD9BFB2-AEAF-A955-3E24-23FCB6679F3F">
        <title>Module 10</title>
      </item>
      <item identifier="ITEM-EE77A114-CE9E-2AC0-BC01-C3874721A678" isvisible="true" identifierref="RES-DC300189-E2CF-736F-42C7-21C8EDA322E3">
        <title>Module 11</title>
      </item>
    </organization>
  </organizations>
  <resources>
    <resource type="webcontent" adlcp:scormtype="asset" identifier="RES-B10C3E44-579F-5E61-5C50-83B2D045E13C" href="module1.htm">
      <file href="module1.htm" />
    </resource>
    <resource type="webcontent" adlcp:scormtype="asset" identifier="RES-0B076984-6F3D-6F64-5686-CCED4DC36235" href="module2.htm">
      <file href="module2.htm" />
    </resource>
    <resource type="webcontent" adlcp:scormtype="asset" identifier="RES-D86A05D5-F834-4C1E-7A22-00A52B44DD93" href="module3.htm">
      <file href="module3.htm" />
    </resource>
    <resource type="webcontent" adlcp:scormtype="asset" identifier="RES-EAE7AE27-269D-6BA5-C00A-DFEEE5A50AF2" href="module4.htm">
      <file href="module4.htm" />
    </resource>
    <resource type="webcontent" adlcp:scormtype="asset" identifier="RES-8710E87F-E04F-040E-B3CC-2B86D971A8C8" href="module5.htm">
      <file href="module5.htm" />
    </resource>
    <resource type="webcontent" adlcp:scormtype="asset" identifier="RES-D0C32913-E193-42DD-EA65-10FA04069CBB" href="module6.htm">
      <file href="module6.htm" />
    </resource>
    <resource type="webcontent" adlcp:scormtype="asset" identifier="RES-BDD5C6C6-53F6-523B-E826-132E48A24763" href="module7.htm">
      <file href="module7.htm" />
    </resource>
    <resource type="webcontent" adlcp:scormtype="asset" identifier="RES-37E6353D-4C05-4F68-5D97-A7353929AE77" href="module8.htm">
      <file href="module8.htm" />
    </resource>
    <resource type="webcontent" adlcp:scormtype="asset" identifier="RES-05DE7696-2679-13AA-22A9-0D0F36A6E178" href="module9.htm">
      <file href="module9.htm" />
    </resource>
    <resource type="webcontent" adlcp:scormtype="asset" identifier="RES-2BD9BFB2-AEAF-A955-3E24-23FCB6679F3F" href="module10.htm">
      <file href="module10.htm" />
    </resource>
    <resource type="webcontent" adlcp:scormtype="asset" identifier="RES-DC300189-E2CF-736F-42C7-21C8EDA322E3" href="module11.htm">
      <file href="module11.htm" />
    </resource>
    <resource type="webcontent" adlcp:scormtype="asset" identifier="RES-11D792F4-C163-294B-A51D-67A004F7101B" href="course_description.htm">
      <file href="course_description.htm" />
      <file href="style_parcours.css" />
    </resource>
    <resource type="webcontent" adlcp:scormtype="asset" identifier="RES-61DE3D1E-9E3B-2F75-262B-F312241FA92C" href="agenda.html">
      <file href="agenda.html" />
      <file href="style_parcours.css" />
    </resource>
    <resource type="webcontent" adlcp:scormtype="asset" identifier="RES-65087E5D-261C-1882-753C-23FBBB47AFA2" href="groups.htm">
      <file href="groups.htm" />
    </resource>
    <resource type="webcontent" adlcp:scormtype="asset" identifier="RES-50E32E2F-94D0-F0B0-0FA4-7C54DFCE2C09" href="introduction.html">
      <file href="introduction.html" />
      <file href="images/intro1.jpg" />
      <file href="images/intro2.jpg" />
    </resource>
    <resource type="webcontent" adlcp:scormtype="asset" identifier="RES-70FF5ED3-1A71-87D1-F15C-9A20269EC03E" href="listening_kick_off.html">
      <file href="listening_kick_off.html" />
      <file href="images/listening_k1.jpg" />
      <file href="images/listening_k2.jpg" />
    </resource>
    <resource type="webcontent" adlcp:scormtype="asset" identifier="RES-61D70FA6-3273-15FF-0B1D-E7EE21BAAA87" href="spoken_interaction.html">
      <file href="spoken_interaction.html" />
      <file href="images/spoken_int.jpg" />
    </resource>
    <resource type="webcontent" adlcp:scormtype="asset" identifier="RES-B89446B7-CBA1-4DF2-7ABB-1FD420E58263" href="spoken_production.html">
      <file href="spoken_production.html" />
      <file href="images/spoken_pro.jpg" />
    </resource>
    <resource type="webcontent" adlcp:scormtype="asset" identifier="RES-AE6BCF33-BC2E-DD21-764A-5AFD5C8DA0AE" href="making_a_phone_call.htm">
      <file href="making_a_phone_call.htm" />
      <file href="images/business1_a.jpg" />
      <file href="images/business1_b.jpg" />
    </resource>
    <resource type="webcontent" adlcp:scormtype="asset" identifier="RES-1CC136D2-E79A-9D39-4A0F-75CF01BB8FD2" href="grammar_kick_off.htm">
      <file href="grammar_kick_off.htm" />
      <file href="images/grammar_kick.jpg" />
    </resource>
    <resource type="webcontent" adlcp:scormtype="asset" identifier="RES-549F8CB8-B5A9-9C29-71AC-7FD66F6C2DB1" href="grammar_the_passive.htm">
      <file href="grammar_the_passive.htm" />
      <file href="images/grammar_passiv.jpg" />
    </resource>
    <resource type="webcontent" adlcp:scormtype="asset" identifier="RES-81274EA9-AF1D-A307-E6B7-F2CEFF8E952C" href="reading_kick_off.htm">
      <file href="reading_kick_off.htm" />
      <file href="images/reading_k1.jpg" />
      <file href="images/reading_k2.jpg" />
      <file href="images/reading_k3.jpg" />
      <file href="images/reading_k4.jpg" />
    </resource>
    <resource type="webcontent" adlcp:scormtype="asset" identifier="RES-05B21EB5-7C7B-F7BE-416D-A283E8E77333" href="writing_instruction.htm">
      <file href="writing_instruction.htm" />
      <file href="images/writing_inst.jpg" />
    </resource>
    <resource type="webcontent" adlcp:scormtype="asset" identifier="RES-F00C1B76-9C01-B69D-B315-4BF1EFE70D37" href="sending_an_email.htm">
      <file href="sending_an_email.htm" />
      <file href="images/business2_mail.gif" />
    </resource>
    <resource type="webcontent" adlcp:scormtype="asset" identifier="RES-9942EDEF-6737-5BAA-E7A1-E5A706B565F1" href="writing_a_business_letter.htm">
      <file href="writing_a_business_letter.htm" />
      <file href="images/business2_letter.jpg" />
    </resource>
    <resource type="webcontent" adlcp:scormtype="asset" identifier="RES-7A0C328C-C01A-7AE3-6B22-859D807CF739" href="business_focus_activities.htm">
      <file href="business_focus_activities.htm" />
    </resource>
  </resources>
</manifest>

